[{"pos_x": -7.8943, "pos_y": -33.1951, "rotation": 180.0, "side": "top", "designator": "C1", "mpn": null, "pack": "C_0402_1005Metric", "value": "10uF", "mount_type": "smt", "place": true}, {"pos_x": -5.8903, "pos_y": -33.1951, "rotation": 180.0, "side": "top", "designator": "R1", "mpn": null, "pack": "R_0402_1005Metric", "value": "1k", "mount_type": "smt", "place": true}, {"pos_x": 9.056, "pos_y": -48.088, "rotation": 90.0, "side": "top", "designator": "J2", "mpn": null, "pack": "AMPHENOL_12401598E4#2A", "value": "12401598E4-2A", "mount_type": "smt", "place": true}, {"pos_x": 0.635, "pos_y": -32.385, "rotation": 180.0, "side": "top", "designator": "U4", "mpn": null, "pack": "SOT6_BC846AS-7_DIO", "value": "BC846AS-7", "mount_type": "smt", "place": true}, {"pos_x": 4.8275, "pos_y": -46.34, "rotation": 0.0, "side": "top", "designator": "U5", "mpn": null, "pack": "WSON-6-1EP_2x2mm_P0.65mm_EP1x1.6mm_ThermalVias", "value": "TLV76733DRVx", "mount_type": "smt", "place": true}, {"pos_x": 0.51, "pos_y": -30.48, "rotation": 0.0, "side": "top", "designator": "R2", "mpn": null, "pack": "R_0402_1005Metric", "value": "10k", "mount_type": "smt", "place": true}, {"pos_x": -16.0, "pos_y": -0.0, "rotation": 0.0, "side": "top", "designator": "J4", "mpn": null, "pack": "SAMTEC_FTSH-103-01-L-DH-C-TR", "value": "FTSH-103-01-L-DH-C-TR", "mount_type": "smt", "place": true}, {"pos_x": -11.938, "pos_y": -11.684, "rotation": 0.0, "side": "top", "designator": "U6", "mpn": null, "pack": "DRY6", "value": "SN74LVC1G58DRYR", "mount_type": "smt", "place": true}, {"pos_x": 16.0, "pos_y": -0.0, "rotation": 0.0, "side": "top", "designator": "J3", "mpn": null, "pack": "SAMTEC_FTSH-103-01-L-DH-C-TR", "value": "FTSH-103-01-L-DH-C-TR", "mount_type": "smt", "place": true}, {"pos_x": 5.1095, "pos_y": -48.33, "rotation": 180.0, "side": "top", "designator": "C4", "mpn": null, "pack": "C_0402_1005Metric", "value": "1uF", "mount_type": "smt", "place": true}, {"pos_x": 14.88, "pos_y": -39.645, "rotation": 180.0, "side": "top", "designator": "U3", "mpn": null, "pack": "WQFN-14-1EP_2.5x2.5mm_P0.5mm_EP1.45x1.45mm", "value": "FUSB302B11MPX", "mount_type": "smt", "place": true}, {"pos_x": 17.42, "pos_y": -40.005, "rotation": -90.0, "side": "top", "designator": "C3", "mpn": null, "pack": "C_0402_1005Metric", "value": "200pF", "mount_type": "smt", "place": true}, {"pos_x": 0.635, "pos_y": -34.29, "rotation": 0.0, "side": "top", "designator": "R3", "mpn": null, "pack": "R_0402_1005Metric", "value": "10k", "mount_type": "smt", "place": true}, {"pos_x": 5.334, "pos_y": -53.594, "rotation": 0.0, "side": "top", "designator": "U13", "mpn": null, "pack": "4492_ADA", "value": "4492", "mount_type": "smt", "place": true}, {"pos_x": -4.7103, "pos_y": -29.3851, "rotation": 0.0, "side": "top", "designator": "U2", "mpn": null, "pack": "QFN-28-1EP_5x5mm_P0.5mm_EP3.35x3.35mm", "value": "CP2102N-Axx-xQFN28", "mount_type": "smt", "place": true}, {"pos_x": -10.16, "pos_y": -57.785, "rotation": 180.0, "side": "top", "designator": "J5", "mpn": null, "pack": "CONN_PPTC041LFBN-RC_SUL", "value": "PPTC041LFBN-RC", "mount_type": "tht", "place": true}, {"pos_x": 2.988, "pos_y": -26.628, "rotation": 180.0, "side": "top", "designator": "J1", "mpn": null, "pack": "CUI_PJ-036AH-SMT-TR", "value": "PJ-036AH-SMT-TR", "mount_type": "smt", "place": true}, {"pos_x": -12.7, "pos_y": -24.765, "rotation": 90.0, "side": "top", "designator": "S1", "mpn": null, "pack": "SW_219-2MSTR", "value": "219-2MSTR", "mount_type": "smt", "place": true}, {"pos_x": 0.0, "pos_y": -2.54, "rotation": 0.0, "side": "top", "designator": "PD1", "mpn": null, "pack": "ODD-42W-Side", "value": "~", "mount_type": "tht", "place": true}, {"pos_x": 12.34, "pos_y": -39.617, "rotation": -90.0, "side": "top", "designator": "C2", "mpn": null, "pack": "C_0402_1005Metric", "value": "200pF", "mount_type": "smt", "place": true}, {"pos_x": 2.7955, "pos_y": -46.58, "rotation": -90.0, "side": "top", "designator": "C5", "mpn": null, "pack": "C_0402_1005Metric", "value": "2.2uF", "mount_type": "smt", "place": true}, {"pos_x": 2.54, "pos_y": -57.785, "rotation": 180.0, "side": "top", "designator": "J6", "mpn": null, "pack": "CONN_PPTC041LFBN-RC_SUL", "value": "PPTC041LFBN-RC", "mount_type": "tht", "place": true}, {"pos_x": -8.5, "pos_y": -45.606, "rotation": 90.0, "side": "top", "designator": "U1", "mpn": null, "pack": "IC18_ESP32-C3-WROOM-02-N4_EXP", "value": "ESP32-C3-WROOM-02-N4", "mount_type": "smt", "place": true}, {"pos_x": -17.272, "pos_y": -19.304, "rotation": -90.0, "side": "bottom", "designator": "FB1", "mpn": null, "pack": "L_0402_1005Metric", "value": "1.5k @ 100MHz", "mount_type": "smt", "place": true}, {"pos_x": 14.986, "pos_y": -13.97, "rotation": 90.0, "side": "bottom", "designator": "S3", "mpn": null, "pack": "SW_219-2MSTR", "value": "219-2MSTR", "mount_type": "smt", "place": true}, {"pos_x": 11.684, "pos_y": -30.736, "rotation": -90.0, "side": "bottom", "designator": "R10", "mpn": null, "pack": "R_0402_1005Metric", "value": "100k", "mount_type": "smt", "place": true}, {"pos_x": 4.318, "pos_y": -10.922, "rotation": 180.0, "side": "bottom", "designator": "R8", "mpn": null, "pack": "R_0402_1005Metric", "value": "1k", "mount_type": "smt", "place": true}, {"pos_x": -8.41, "pos_y": -50.546, "rotation": 180.0, "side": "bottom", "designator": "C17", "mpn": null, "pack": "C_0402_1005Metric", "value": "10uF", "mount_type": "smt", "place": true}, {"pos_x": -4.064, "pos_y": -10.922, "rotation": 0.0, "side": "bottom", "designator": "FB3", "mpn": null, "pack": "L_0402_1005Metric", "value": "1.5k @ 100MHz", "mount_type": "smt", "place": true}, {"pos_x": 8.128, "pos_y": -34.29, "rotation": -90.0, "side": "bottom", "designator": "C8", "mpn": null, "pack": "C_0402_1005Metric", "value": "1uF", "mount_type": "smt", "place": true}, {"pos_x": 9.398, "pos_y": -10.668, "rotation": 90.0, "side": "bottom", "designator": "CR1", "mpn": null, "pack": "SOD123_FAS", "value": "MMSZ5231B", "mount_type": "smt", "place": true}, {"pos_x": -9.144, "pos_y": -14.732, "rotation": -90.0, "side": "bottom", "designator": "S2", "mpn": null, "pack": "SW_219-2MSTR", "value": "219-2MSTR", "mount_type": "smt", "place": true}, {"pos_x": -2.286, "pos_y": -15.494, "rotation": -90.0, "side": "bottom", "designator": "U7", "mpn": null, "pack": "R_8_ADI", "value": "AD620ARZ-REEL7", "mount_type": "smt", "place": true}, {"pos_x": 9.906, "pos_y": -18.034, "rotation": -90.0, "side": "bottom", "designator": "R11", "mpn": null, "pack": "R_0402_1005Metric", "value": "6.66K", "mount_type": "smt", "place": true}, {"pos_x": 4.9978, "pos_y": -34.28, "rotation": 180.0, "side": "bottom", "designator": "U10", "mpn": null, "pack": "DFN-10_DD_LIT", "value": "LTC2485CDD-PBF", "mount_type": "smt", "place": true}, {"pos_x": 8.89, "pos_y": -18.034, "rotation": -90.0, "side": "bottom", "designator": "R12", "mpn": null, "pack": "R_0402_1005Metric", "value": "7K", "mount_type": "smt", "place": true}, {"pos_x": 8.89, "pos_y": -15.238, "rotation": 90.0, "side": "bottom", "designator": "R18", "mpn": null, "pack": "R_0402_1005Metric", "value": "20k", "mount_type": "smt", "place": true}, {"pos_x": 15.522, "pos_y": -24.13, "rotation": 180.0, "side": "bottom", "designator": "R13", "mpn": null, "pack": "R_0402_1005Metric", "value": "1M", "mount_type": "smt", "place": true}, {"pos_x": 4.318, "pos_y": -15.494, "rotation": -90.0, "side": "bottom", "designator": "U9", "mpn": null, "pack": "R_8_ADI", "value": "OP27GSZ-REEL7", "mount_type": "smt", "place": true}, {"pos_x": 15.522, "pos_y": -25.146, "rotation": 180.0, "side": "bottom", "designator": "R14", "mpn": null, "pack": "R_0402_1005Metric", "value": "1M", "mount_type": "smt", "place": true}, {"pos_x": 6.35, "pos_y": -38.1, "rotation": 0.0, "side": "bottom", "designator": "U12", "mpn": null, "pack": "WSON-6-1EP_2x2mm_P0.65mm_EP1x1.6mm_ThermalVias", "value": "TLV76750DRVx", "mount_type": "smt", "place": true}, {"pos_x": -4.316, "pos_y": -26.67, "rotation": 0.0, "side": "bottom", "designator": "R15", "mpn": null, "pack": "R_0402_1005Metric", "value": "20k", "mount_type": "smt", "place": true}, {"pos_x": 13.97, "pos_y": -48.26, "rotation": -90.0, "side": "bottom", "designator": "CR3", "mpn": null, "pack": "SOT23-6L_MCC", "value": "SRV05-4L-TP", "mount_type": "smt", "place": true}, {"pos_x": -15.755548, "pos_y": -13.13122, "rotation": -90.0, "side": "bottom", "designator": "R5", "mpn": null, "pack": "R_0805_2012Metric", "value": "16466.666", "mount_type": "smt", "place": true}, {"pos_x": 15.24, "pos_y": -21.082, "rotation": 0.0, "side": "bottom", "designator": "CR2", "mpn": null, "pack": "SOD123_DIO", "value": "MMSZ5226B-7-F", "mount_type": "smt", "place": true}, {"pos_x": 6.858, "pos_y": -10.922, "rotation": 180.0, "side": "bottom", "designator": "FB4", "mpn": null, "pack": "L_0402_1005Metric", "value": "1.5k @ 100MHz", "mount_type": "smt", "place": true}, {"pos_x": -8.438, "pos_y": -51.562, "rotation": 180.0, "side": "bottom", "designator": "C18", "mpn": null, "pack": "C_0402_1005Metric", "value": "1uF", "mount_type": "smt", "place": true}, {"pos_x": 4.318, "pos_y": -38.142, "rotation": 90.0, "side": "bottom", "designator": "C14", "mpn": null, "pack": "C_0402_1005Metric", "value": "2.2uF", "mount_type": "smt", "place": true}, {"pos_x": 13.49, "pos_y": -24.13, "rotation": 180.0, "side": "bottom", "designator": "C6", "mpn": null, "pack": "C_0402_1005Metric", "value": "100nF", "mount_type": "smt", "place": true}, {"pos_x": 12.8035, "pos_y": -33.02, "rotation": 180.0, "side": "bottom", "designator": "R17", "mpn": null, "pack": "R_0805_2012Metric", "value": "0", "mount_type": "smt", "place": true}, {"pos_x": -17.716053, "pos_y": -13.120144, "rotation": -90.0, "side": "bottom", "designator": "R4", "mpn": null, "pack": "R_0805_2012Metric", "value": "9880", "mount_type": "smt", "place": true}, {"pos_x": -16.002, "pos_y": -19.327, "rotation": -90.0, "side": "bottom", "designator": "FB2", "mpn": null, "pack": "L_0402_1005Metric", "value": "1.5k @ 100MHz", "mount_type": "smt", "place": true}, {"pos_x": -4.288, "pos_y": -25.4, "rotation": 0.0, "side": "bottom", "designator": "C12", "mpn": null, "pack": "C_0402_1005Metric", "value": "0.002uF", "mount_type": "smt", "place": true}, {"pos_x": 9.906, "pos_y": -15.24, "rotation": 90.0, "side": "bottom", "designator": "R19", "mpn": null, "pack": "R_0402_1005Metric", "value": "10k", "mount_type": "smt", "place": true}, {"pos_x": 4.064, "pos_y": -25.986, "rotation": -90.0, "side": "bottom", "designator": "U8", "mpn": null, "pack": "SOIC-20W_7.5x12.8mm_P1.27mm", "value": "AD630ARZ", "mount_type": "smt", "place": true}, {"pos_x": -9.934, "pos_y": -51.054, "rotation": -90.0, "side": "bottom", "designator": "R20", "mpn": null, "pack": "R_0402_1005Metric", "value": "10k", "mount_type": "smt", "place": true}, {"pos_x": 11.684, "pos_y": -28.704, "rotation": -90.0, "side": "bottom", "designator": "R9", "mpn": null, "pack": "R_0402_1005Metric", "value": "1M", "mount_type": "smt", "place": true}, {"pos_x": -4.316, "pos_y": -27.94, "rotation": 180.0, "side": "bottom", "designator": "C10", "mpn": null, "pack": "C_0402_1005Metric", "value": "2uF", "mount_type": "smt", "place": true}, {"pos_x": -13.462, "pos_y": -21.336, "rotation": 0.0, "side": "bottom", "designator": "C11", "mpn": null, "pack": "C_0402_1005Metric", "value": "10uF", "mount_type": "smt", "place": true}, {"pos_x": 6.858, "pos_y": -39.986, "rotation": 180.0, "side": "bottom", "designator": "C13", "mpn": null, "pack": "C_0402_1005Metric", "value": "1uF", "mount_type": "smt", "place": true}, {"pos_x": 2.032, "pos_y": -10.922, "rotation": 0.0, "side": "bottom", "designator": "R7", "mpn": null, "pack": "R_0402_1005Metric", "value": "10k", "mount_type": "smt", "place": true}, {"pos_x": -13.716, "pos_y": -13.1045, "rotation": 90.0, "side": "bottom", "designator": "R6", "mpn": null, "pack": "R_0805_2012Metric", "value": "49400", "mount_type": "smt", "place": true}, {"pos_x": -11.938, "pos_y": -27.94, "rotation": 0.0, "side": "bottom", "designator": "U11", "mpn": null, "pack": "DW16", "value": "LT1054IDWR", "mount_type": "smt", "place": true}, {"pos_x": -4.824, "pos_y": -23.622, "rotation": 90.0, "side": "bottom", "designator": "C15", "mpn": null, "pack": "C_0402_1005Metric", "value": "100uF", "mount_type": "smt", "place": true}, {"pos_x": -8.438, "pos_y": -49.4, "rotation": 180.0, "side": "bottom", "designator": "C16", "mpn": null, "pack": "C_0402_1005Metric", "value": "0.1uF", "mount_type": "smt", "place": true}, {"pos_x": 9.336, "pos_y": -34.29, "rotation": -90.0, "side": "bottom", "designator": "C9", "mpn": null, "pack": "C_0402_1005Metric", "value": "0.1uF", "mount_type": "smt", "place": true}, {"pos_x": -3.683, "pos_y": -23.622, "rotation": -90.0, "side": "bottom", "designator": "R16", "mpn": null, "pack": "R_0402_1005Metric", "value": "220k", "mount_type": "smt", "place": true}, {"pos_x": 13.49, "pos_y": -25.146, "rotation": 180.0, "side": "bottom", "designator": "C7", "mpn": null, "pack": "C_0402_1005Metric", "value": "100nF", "mount_type": "smt", "place": true}]