﻿pos_x,pos_y,rotation,side,designator,mpn,pack,value,mount_type,place
-15.8659,19.177,-60.0,bottom,C1,,C_0402_1005Metric,4.7uF,smt,True
-4.407,-15.212,90.0,top,C10,,C_0402_1005Metric,4700nF,smt,True
-14.986,19.685,-60.0,bottom,C2,,C_0402_1005Metric,0.1uF,smt,True
14.4689,16.637,60.0,bottom,C3,,C_0402_1005Metric,4.7uF,smt,True
13.589,17.145,60.0,bottom,C4,,C_0402_1005Metric,0.1uF,smt,True
15.9621,-19.2632,120.0,bottom,C5,,C_0402_1005Metric,4.7uF,smt,True
15.0822,-19.7712,120.0,bottom,C6,,C_0402_1005Metric,0.1uF,smt,True
-14.351,-16.51,-120.0,bottom,C7,,C_0402_1005Metric,0.1uF,smt,True
-13.4711,-17.018,-120.0,bottom,C8,,C_0402_1005Metric,4.7uF,smt,True
-3.391,-15.24,90.0,top,C9,,C_0402_1005Metric,100nF,smt,True
16.0,-0.0,180.0,bottom,J1,,CONN_CLP-103-02-X-D-BE_SAI,CLP-103-02-F-D-BE,smt,True
-16.0,-0.0,180.0,bottom,J2,,CONN_CLP-103-02-X-D-BE_SAI,CLP-103-02-F-D-BE,smt,True
22.9354,0.1379,180.0,bottom,K1,,PQFN6_IRLHS6376TRPBF_INF,IRLHS6376TRPBF,smt,True
-23.0646,0.1379,180.0,bottom,K2,,PQFN6_IRLHS6376TRPBF_INF,IRLHS6376TRPBF,smt,True
5.8882,22.3542,-15.0,top,LED1,,HFS_LED,XPEBRY-L1-R250-00P01,smt,True
-22.2809,-5.8149,105.0,top,LED10,,HFS_LED,XPEBRY-L1-R250-00P01,smt,True
-16.328,-16.1255,135.0,top,LED11,,HFS_LED,XPEBRY-L1-R250-00P01,smt,True
-6.0174,-22.0784,165.0,top,LED12,,HFS_LED,XPEBRY-L1-R250-00P01,smt,True
16.1989,16.4014,-45.0,top,LED2,,HFS_LED,XPEBRY-L1-R250-00P01,smt,True
22.1517,6.0908,-75.0,top,LED3,,HFS_LED,XPEBRY-L1-R250-00P01,smt,True
22.1517,-5.8149,75.0,top,LED4,,HFS_LED,XPEBRY-L1-R250-00P01,smt,True
16.1989,-16.1255,45.0,top,LED5,,HFS_LED,XPEBRY-L1-R250-00P01,smt,True
5.8882,-22.0784,15.0,top,LED6,,HFS_LED,XPEBRY-L1-R250-00P01,smt,True
-6.0174,22.3542,-165.0,top,LED7,,HFS_LED,XPEBRY-L1-R250-00P01,smt,True
-16.3281,16.4014,-135.0,top,LED8,,HFS_LED,XPEBRY-L1-R250-00P01,smt,True
-22.2809,6.0908,-105.0,top,LED9,,HFS_LED,XPEBRY-L1-R250-00P01,smt,True
3.429,22.86,-105.0,bottom,R1,,BO_CR1206,CRM1206-JW-1R0ELF,smt,True
-3.556,-22.86,75.0,bottom,R10,,BO_CR1206,CRM1206-JW-1R0ELF,smt,True
-5.9528,-22.2163,75.0,bottom,R11,,BO_CR1206,CRM1206-JW-1R0ELF,smt,True
-19.918584,-11.5,120.0,bottom,R12,,RES_3540_TEC,354010RFT,smt,True
3.429,-14.732,90.0,top,R13,,R_0402_1005Metric,1k,smt,True
25.654,-0.0,180.0,bottom,R14,,R_0402_1005Metric,1,smt,True
19.939,0.635,180.0,bottom,R15,,R_0402_1005Metric,1,smt,True
-20.066,-0.635,180.0,bottom,R16,,R_0402_1005Metric,1,smt,True
-25.781,-0.0,180.0,bottom,R17,,R_0402_1005Metric,1,smt,True
5.9528,22.2163,-105.0,bottom,R2,,BO_CR1206,CRM1206-JW-1R0ELF,smt,True
19.9186,11.5,120.0,bottom,R3,,RES_3540_TEC,354010RFT,smt,True
3.3241,-22.86,-75.0,bottom,R4,,BO_CR1206,CRM1206-JW-1R0ELF,smt,True
5.9528,-22.2163,-75.0,bottom,R5,,BO_CR1206,CRM1206-JW-1R0ELF,smt,True
19.918584,-11.5,-120.0,bottom,R6,,RES_3540_TEC,354010RFT,smt,True
-3.556,22.86,105.0,bottom,R7,,BO_CR1206,CRM1206-JW-1R0ELF,smt,True
-5.9528,22.2163,105.0,bottom,R8,,BO_CR1206,CRM1206-JW-1R0ELF,smt,True
-19.918584,11.5,60.0,bottom,R9,,RES_3540_TEC,354010RFT,smt,True
11.5,19.9186,-30.0,bottom,U1,,DRJ8_3X2P2,TL4242TDRJRQ1,smt,True
11.5,-19.9186,30.0,bottom,U2,,DRJ8_3X2P2,TL4242TDRJRQ1,smt,True
-11.5,19.9186,-150.0,bottom,U3,,DRJ8_3X2P2,TL4242TDRJRQ1,smt,True
-11.5,-19.9186,150.0,bottom,U4,,DRJ8_3X2P2,TL4242TDRJRQ1,smt,True
0.0,-15.24,0.0,top,U5,,LGA12_STM,VL53L0CXV0DH/1,smt,True
