﻿designator,quantity,value,pack,mpn,mount_type
"C1, C3, C5, C8",4,4.7uF,C_0402_1005Metric,,smt
C10,1,4700nF,C_0402_1005Metric,,smt
"C2, C4, C6, C7",4,0.1uF,C_0402_1005Metric,,smt
C9,1,100nF,C_0402_1005Metric,,smt
"J1, J2",2,CLP-103-02-F-D-BE,CONN_CLP-103-02-X-D-BE_SAI,,smt
"K1, K2",2,IRLHS6376TRPBF,PQFN6_IRLHS6376TRPBF_INF,,smt
"LED1, LED10, LED11, LED12, LED2, LED3, LED4, LED5, LED6, LED7, LED8, LED9",12,XPEBRY-L1-R250-00P01,HFS_LED,,smt
"R1, R10, R11, R2, R4, R5, R7, R8",8,CRM1206-JW-1R0ELF,BO_CR1206,,smt
"R12, R3, R6, R9",4,354010RFT,RES_3540_TEC,,smt
R13,1,1k,R_0402_1005Metric,,smt
"R14, R15, R16, R17",4,1,R_0402_1005Metric,,smt
"U1, U2, U3, U4",4,TL4242TDRJRQ1,DRJ8_3X2P2,,smt
U5,1,VL53L0CXV0DH/1,LGA12_STM,,smt
